Imie,Nazwisko,Email
Catlin,Sprigg,csprigg0@gmpg.org
Robbi,Waugh,rwaugh1@pen.io
Melany,Brickwood,mbrickwood2@intel.com
Aldrich,Trickett,atrickett3@nhs.uk
Franky,Paolone,fpaolone4@nytimes.com
Caria,Obington,cobington5@yahoo.com
Oliviero,Carncross,ocarncross6@ocn.ne.jp
Gilbertina,Sumpter,gsumpter7@t-online.de
Gabie,Culleton,gculleton8@apple.com
Kerry,Joselevitch,kjoselevitch9@list-manage.com
